الاسم,البريد الإلكتروني,رقم الهاتف
مشعل,mmdm817@gmail.com,0549960280
خالد,mmdm817@gmail.com,0549960280
زياد,mmdm817@gmail.com,0570577162
هاني,csss@gmail.com,0551925453
هاني,csss@gmail.com,0551925453
هاني,csss@gmail.com,0551925453
هاني,csss@gmail.com,0551925453
Meshal,mesh@gmail.com,0549960280
Meshal,mesh@gmail.com,0549960280
خالد,33ss817@gmail.com,0549960280
خالد,33ss817@gmail.com,0549960280
عبد العزيز,Meshal@gmail.com,0549960280
سالم,Meshal@gmail.com,0549960280
عبد العزيز,Meshal@gmail.com,0549960280
Fayad Mohammed,Meshal@gmail.com,0549960280
Fayad Mohammed,Meshal@gmail.com,0549960280
